{
  "options": {
    "values": [
      "Adventure Tour",
      "Cultural Tour",
      "Custom Package",
      "Family Package",
      "Full Day",
      "Group Tour",
      "Half Day",
      "Multi-Day",
      "Private Tour",
      "Standard Tour",
      "VIP Experience",
      "test"
    ],
    "timestamp": "2025-07-03T05:59:08.623822"
  },
  "guides": {
    "values": [
      "Arabic",
      "Bengali",
      "Burmese",
      "Chinese",
      "English",
      "French",
      "German",
      "Gujarati",
      "Hindi",
      "Italian",
      "Japanese",
      "Javanese",
      "Kannada",
      "Korean",
      "Malayalam",
      "Marathi",
      "Pashto",
      "Persian",
      "Polish",
      "Portuguese",
      "Punjabi",
      "Russian",
      "Spanish",
      "Tamil",
      "Telugu",
      "Thai",
      "Turkish",
      "Ukrainian",
      "Urdu",
      "Vietnamese"
    ],
    "timestamp": "2025-07-03T05:59:08.650278"
  },
  "agencies": {
    "values": [
      "FTS-Travels",
      "Other",
      "Ägypten Ausflüge"
    ],
    "timestamp": "2025-07-03T05:59:08.659293"
  },
  "destinations": {
    "values": [
      "Aswan",
      "Cairo",
      "Hurghada",
      "Luxor",
      "Marsa Alam",
      "Sharm El-Sheikh"
    ],
    "timestamp": "2025-07-03T05:59:09.861638"
  },
  "addons": {
    "values": [
      "Transfer Extra: TUI MAGIC LIFE Kalawy, You will pay 25 euros per person for an extra transfer",
      "Transfer Extra: You will pay 10 euros per person for an extra transfer"
    ],
    "timestamp": "2025-07-03T05:59:11.029886"
  },
  "tripnames": {
    "values": [
      "ATV Quad Bike Ride At GIZA Pyramids & BBQ Dinner.",
      "Abu Simbel Sound & light Show - QR Ticket",
      "Abu Simbel Temple QR Tickets",
      "All-inclusive private Trip Pyramids Sphinx, Camel, VIP Lunch",
      "Aswan: Private Nile Boat Cruise and Botanical Garden Visit",
      "Cairo Elite: VIP Airport Welcome or Custom Luxury Tour",
      "Cairo Private Day Trip: Museum , Pyramids & Lunch",
      "Cairo on a Budget: 4-Night Stay & Guided City Highlights",
      "Cairo: 5-Day Egypt Itinerary for Cairo and the Pyramids",
      "Cairo: Customized Full-Day Private Tour",
      "Cairo: Egyptian Museum and National Museum Private Tour",
      "Cairo: Giza Pyramids Tour & Grand Egyptian Museum",
      "Cairo: Giza Pyramids, sphinx and National Museum with Lunch",
      "Cairo: Grand Egyptian Museum Guided Tour and Lunch",
      "Cairo: Guided tour with Al-Hakim Mosque",
      "Cairo: Guided tour with Mosque of Amr ibn al-As",
      "Cairo: Guided tour with Opera House",
      "Cairo: Museum of Islamic Arts QR Tickets & Skip Line",
      "Cairo: Nile Dinner Cruise with Belly Dancer Show and Music",
      "Cairo: Nile Pharaoh Dinner Cruise& Nile with Show",
      "Cairo: Oriental Breakfast (Fatir)or Lunch in arabian village",
      "Cairo: Private Airport Pickup or Drop-Off Service",
      "Cairo: Private Day Tour to Luxor with Sleeper train",
      "Cairo: Private Day Tour to Pharaonic Village",
      "Cairo: Private Jet Sightseeing Tour",
      "Cairo: Private Pyramids Tour with Photographer and Transfer",
      "Cairo: Pyramids & Sphinx Private Tour with Camel Ride",
      "Cairo: Pyramids Arabian Horse or Camel Ride with Bedouin Tea",
      "Cairo: Quad Bike Adventure at Giza Pyramids W/ Camel Ride",
      "Cairo: Sound and Light Show at Giza Pyramids",
      "Cairo: Sound and light show with Dinner with Pyramids view",
      "Cairo: The Coptic Museum QR ticket - Skip The Line",
      "Cairo: Trip Pyramids, Sakkara, & Memphis Tour Lunch",
      "Chatby Tombs Alexandria Day Tour from Cairo",
      "Citadel of Salahdin & Mohamed Ali Mosque QR Ticket",
      "Edfu Temple Sound Light Show Entry Ticket with Transfer",
      "Egyptian Civilization Museum, Citadel & Old Cairo Tour",
      "Egyptian Museum of Antiquities online QR Ticket",
      "Exclusivity: El Gouna Lagoon tour,Snorkel,Dive with Dolphins",
      "From Cairo: Small-Group Day Trip to Luxor by Plane",
      "From Giza/Cairo: Pyramids, Sphinx, and NMEC Tour with Lunch",
      "From Hurghada: Abydos, Osireion, and Dendera Day Tour",
      "From Hurghada: Full-Day Trip to Cairo by Plane",
      "From Hurghada: Historical Tour to Luxor with Hotel Transfer",
      "From Hurghada: Luxor Full-Day Trip with Valley of the Kings",
      "From Hurghada: Majestic Cairo & Giza Highlights Tour By Van",
      "From Hurghada: Two-Day Private Tour of Luxor and Abu Simbel",
      "From Marsa Alam: Private Day Trip to Luxor by Car",
      "From Sharm El-Sheikh: Cairo Day Tour to Pyramids By Bus",
      "From Sharm El-Sheikh: Cairo's Pyramids: Full-Day Journey",
      "From Sharm El-Sheikh: Giza Day Trip with Lunch and Transfer",
      "From Sharm ElSheikh: The Lost City (Petra) Day Tour by Ferry",
      "From Sharm: Ras Muhammed & White Island By Boat & intro Dive",
      "From Sokhna Port: Cairo & Pyramids New Passage Day-Tour",
      "Giza: Grand Egyptian Museum, Old Cairo and Khan Al-khalili",
      "Grand Egyptian Museum QR Ticket",
      "HRG:Private City Tour with Seafood at Barbouni Restaurant",
      "Hurghada to Cairo: Full-Day Tour one way Bus & Flight Return",
      "Hurghada: 2-Day Luxor Tour with Hotel, Balloon, & Nile Boat",
      "Hurghada: Cruise to Bianca Island Utopia w/ Transfer & Lunch",
      "Hurghada: Desert & Sea Horse Riding with + 360° Photos",
      "Hurghada: Desert Quad Bike Tout with Optional GoPro",
      "Hurghada: Desert Quad Bike and Buggy Adventure with Transfer",
      "Hurghada: Diving & Snorkeling Cruise Tour w Lunch & Drinks",
      "Hurghada: Dolphin & Coral Reef Snorkeling Tour with Lunch",
      "Hurghada: Dolphin Watching Boat Tour with Snorkeling & Lunch",
      "Hurghada: Dolphin Watching Cruise, Snorkeling & Lunch",
      "Hurghada: Eden Island Xtreme, Parasail, Dive & Water Sports",
      "Hurghada: Empire Submarine Boat Trip with Snorkel and Drinks",
      "Hurghada: Full-Day Snorkeling Tour in Sharm El Naga w/Lunch",
      "Hurghada: Full-Day Tour to Cairo by Plane with Egyptologist",
      "Hurghada: Full-Day Trip to Cairo by Plane",
      "Hurghada: Giftun Island with breakfast, lunch & Water Sports",
      "Hurghada: Giza Pyramids Day Trip with Nile Boat Tour Option",
      "Hurghada: Glass Boat and Parasailing Trip with Snorkeling",
      "Hurghada: Guided City Highlights Tour with Shopping Stops",
      "Hurghada: Jeep & Camel Safari with Dinner & Desert Fire Show",
      "Hurghada: Jerusalem day tour from Hurghada by flight",
      "Hurghada: Jungle Aqua Park with Lunch & Transfer (Optional)",
      "Hurghada: Karnak, Hatshepsut, and the Valley of the Kings",
      "Hurghada: Luxor Valley of the Kings & Tutankhamun Tomb Trip",
      "Hurghada: Luxury VIP La Rock Spa & Beauty Salon",
      "Hurghada: Makadi Water World with Lunch & Transfers",
      "Hurghada: Mega Jeep safari, ATV & Camel & with Bedouin vibe",
      "Hurghada: Morning or Sunset Sights Guided Tour with Shopping",
      "Hurghada: Neverland Musical Show Entry Tickets with Pickup",
      "Hurghada: Orange Bay Day Trip with Water Sports and Lunch",
      "Hurghada: Orange Bay island With Parachute Adventure & Lunch",
      "Hurghada: Orange Island Snorkeling, Diving, and Water Sports",
      "Hurghada: Orange Island Yacht Trip with Lunch & Water Sports",
      "Hurghada: Private Airport Arrival/Departure One Way Transfer",
      "Hurghada: Quad, Jeep, Camel and Buggy Safari with BBQ Dinner",
      "Hurghada: Red Sea & Desert Horse Riding Tour with Swimming",
      "Hurghada: Safari 5*1 Quad, Stargazing, Horse ride w/ Dinner",
      "Hurghada: Scenic Submarine Tour with Snorkeling and Transfer",
      "Hurghada: Sea and Mountains Quad or Buggy Family Tour",
      "Hurghada: Snorkeling Cruise to Eden Island with Lunch",
      "Hurghada: Star Watching Desert Adventure by Jeep with Dinner",
      "Hurghada: Unique Bedouin Craft, Handmade and Star Watching",
      "Luxor: Caravanserai private Day Tour",
      "Luxor: Half Day Motor Boat Ride with Banana Island Visit",
      "Luxor: Luxor Museum Entry Tickets or Guided Tour",
      "Luxor: Qurna Village in luxor tour and transfer",
      "Marsa Alam: Ancient Cairo & Giza Pyramids Day Trip by Plane",
      "Marsa Alam: Desert Stargazing Tour with Camel Ride & Dinner",
      "Marsa Alam: Hamata Island Snorkeling Trip with Lunch",
      "Marsa Alam: Snorkeling with Sea Turtles Marsa Mubarak",
      "Marsa Alam: Valley of the Kings & Karnak Temples Luxor Tour",
      "Marsa Alam:Sataya Reefs Dolphin Snorkeling Cruise with Lunch",
      "Mummification Museum QR Ticket or Guided tour",
      "National Museum of Egypt Skip-the-Line QR Ticket",
      "One-Way Journey from Sharm El Sheikh to Hurghada",
      "Philae Temple Sound & Light Show in Aswan",
      "Prince Mohamed Ali Palace Manial QR Tickets",
      "Private Customizable Day Tour to Alexandria from Cairo",
      "Private Half-Day Adventure: Giza Pyramids & Sphinx",
      "Private Half-Day Sightseeing Tour to El Gouna from Hurghada",
      "Pyramids of Giza Plateau Entrance Ticket",
      "Red Sea: SCUBA Diving Experience & Snorkeling Boot Tour",
      "Safaga Airport transfer with option meet & assist",
      "Sharm El Sheikh: ATV Dunes & Waves Adventure with Lunch",
      "Sharm El Sheikh: Cleopatra Bath with Deluxe Spa Treatments",
      "Sharm El Sheikh: Mount Sinai & St. Catherine Monastery Tour",
      "Sharm El Sheikh: Private City Tour W Water Sports Adventure",
      "Sharm El Sheikh: Private City Tour with Seafood Dinner",
      "Sharm El Sheikh: Snorkeling Trip to Tiran Island with Lunch",
      "Sharm El Sheikh: Trip to Luxor & Tutankhamun Tomb by Plane",
      "Sharm El-Sheikh Port to Ras Mohamed National Park by Car",
      "Sharm El-Sheikh: ATV and Camel Ride with BBQ Dinner and Show",
      "Sharm El-Sheikh: Airport One-Way Private Hotel Transfer",
      "Sharm El-Sheikh: Cairo Full-Day Meet The Pharaohs by Flight",
      "Sharm El-Sheikh: Camel Riding, Stargazing, BBQ Dinner & Show",
      "Sharm El-Sheikh: City & Shopping Tour With Old Market Visit",
      "Sharm El-Sheikh: Desert Buggy Safari Adventure",
      "Sharm El-Sheikh: Ghibli Raceway Day Trip",
      "Sharm El-Sheikh: Jeep Adventure to Blue Hole, Canyon & Dahab",
      "Sharm El-Sheikh: Morning Desert ATV Quad & Buggy Adventure",
      "Sharm El-Sheikh: Ras Mohamed & White Island Snorkeling Trip",
      "Sharm El-Sheikh: Ras Mohamed Half Day Tour & Allah's gate",
      "Sharm El-Sheikh: Ras Mohammed & White Island Cruise",
      "Sharm El-Sheikh: Stargazing with Luxury Dinner",
      "Sharm El-Sheikh: Ultimate ATV Quad, Stargazing & BBQ Dinner",
      "Sharm El-Sheikh:King Tut Museum QR Ticket with Optional Tour",
      "Sharm ElSheikh: ATV Quad & Buggy Adventure Sunrise or Sunset",
      "Sharm el-Sheikh Museum Entry Ticket & Private Hotel Transfer",
      "Temple of Hatshepsut QR Ticket - Skip The Line",
      "Trip from Cairo to Luxor by Sleeper Train with Shared group",
      "VIP Cairo Experience: Pyramids, ATV Adventure and Camel ride"
    ],
    "timestamp": "2025-07-03T05:59:11.257849"
  },
  "management_options": {
    "values": [
      "0ne guest with entrance fees and two without",
      "1 dbl buggy",
      "1 dbl buggy 2 x fts scarve",
      "1 dbl buggy 2 x fts scarve private transfer private guide",
      "1 dbl buggy 2 x stargazing",
      "1 dbl buggy 3 x fts scarve",
      "1 dbl buggy private guide",
      "1 dbl quaad 1 sgl quad",
      "1 dbl quad",
      "1 dbl quad 1 sgl quad",
      "1 dbl quad 1 x fts scarve",
      "1 dbl quad 2 x fts scarve",
      "1 dbl quad 2 x fts scarve private transfer 2 x vip dinner",
      "1 dbl quad 2 x vip dinner",
      "1 dbl quad 2 x vip dinner 2 x fts scarve",
      "1 dbl quad private guide",
      "1 family 1 trbl buggy 1 dbl buggy",
      "1 family buggy",
      "1 family buggy 2 x fts scarve",
      "1 family buggy stargazing private transfer",
      "1 sgl",
      "1 sgl buggy",
      "1 sgl quad",
      "1 sgl quad 1 x fts scarve",
      "1 trbl buggy",
      "1 trbl buggy 1 dbl buggy",
      "1 trbl buggy 1 x fts scarve",
      "1 trbl buggy 3 x vip dinner",
      "1 x fts scarve",
      "1-hour dolphin show afternoon at dolphina hurghada",
      "1-hour dolphin show afternoon at dolphina with transfers dh-aftn-01",
      "1-hour dolphin show at dolphin world with private transfer",
      "1-hour dolphin show at dolphin world with transfer",
      "1-hour dolphin show morning at dolphin world with transfer",
      "1-hour dolphin show morning at dolphin world with transfer dw-morn-01",
      "1009a 3-hour desert quad bike tour at sunset without gopro",
      "11 sgl quad",
      "123 2-hour horseback riding journey with swimming",
      "1990 dinner cruise on pharaoh",
      "2 days overnight trip with hot air balloon",
      "2 dbl buggy",
      "2 dbl quad",
      "2 dbl quad 1 sgl quad",
      "2 dbl quad 4 x fts scarve",
      "2 dbl quad 4 x vip dinner",
      "2 kids free 2 guide free",
      "2 sgl buggy",
      "2 sgl quad",
      "2 sgl quad 1 x fts scarve",
      "2 sgl quad 2 x fts scarve",
      "2 sgl quad 2 x fts scarve without dinner",
      "2 sgl quad 2 x vip dinner",
      "2 sgl quad without dinner",
      "2 sgl quadpriavte guide",
      "2 trbl buggy",
      "2-day luxor tour shared tour - with entry fees",
      "2-day luxor tour with hotel shared tour - without entry fees",
      "2-hour horse ride",
      "2-hour horse ride journey without swim",
      "2-hour horse ride without swim 14:00",
      "2-hour horseback riding journey with swimming",
      "2-hour horseback riding journey with swimming 123",
      "2-hour ride with swim stop 123",
      "2-hour ride without swim stop",
      "2-hour ride without swim stop 586",
      "2-hour safari with camel ride",
      "2-hour safari with camel ride bike",
      "2-hour safari with camel ride from hurghada",
      "2-hour safari with camel ride from hurghada bike",
      "2-hour swimming horse ride journey 360 photos",
      "2044 stargazing with atv quad ride & jeep",
      "2044 stargazing with quad ride & dance show with private transfer",
      "2212000 arrival at sharm el-sheikh international airport",
      "2212000 from sharm: ras muhammed & white island by boat & intro dive",
      "2212000 single quad - 1 person in 1 quad",
      "2x without entrance fees",
      "3 - hour desert horse ride with swimming - private transfer 586",
      "3 dbl quad",
      "3 dbl quad 1 sgl quad",
      "3 hour camel riding with bedouin vibe with private transfer",
      "3 hours quad tour",
      "3 hours quad tour -",
      "3 sgl quad",
      "3 sgl quad 3 x fts scarve",
      "3 sgl quad 3 x vip dinner 3 x fts scarve",
      "3-horse ride with swim stop",
      "3-horse ride with swim stop 586",
      "3-horse ride without swim stop",
      "3-hour atv quad tour morning with transfer",
      "3-hour atv quad tour morning with transfer without gopro",
      "3-hour atv quad tour sunset with transfer",
      "3-hour atv quad tour sunset with transfer 1009a",
      "3-hour atv quad tour sunset with transfer without gopro 1009a",
      "3-hour desert & sea horse riding with swimming",
      "3-hour desert & sea horse riding with swimming 586",
      "3-hour desert quad bike tour at sunset without gopro 1009a",
      "3-hour desert quad bike tour without gopro",
      "3-hour horse riding with swim",
      "3-hour quad tour with complimentary fts scarf",
      "3-hour sea horse riding with swimming without 360 photos",
      "3-hr horse ride & swim stop -",
      "3-hr horse ride & swim stop - 586",
      "3-hr horse ride & swim stop - makadi sahl hashesh safaga",
      "3-hr horse ride & swim stop - makadi sahl hashesh safaga 586",
      "3-hr horse ride & swim stop promo offer",
      "3-hr horse ride & swim stop promo offer 586",
      "4 dbl quad",
      "4 sgl quad",
      "4 sgl quad 4 x fts scarve",
      "4 sgl quad collect 20 euro",
      "4 sgl quad private transfer 1 x fts scarve 1 x private guide 1 x vip dinner",
      "4-day cairo short break without accommodation",
      "4567 private half-day sightseeing tour to el gouna from hurghada",
      "5 hour desert adventure safari with bbq dinner",
      "5 sgl quad",
      "5-hour atv quad tour with transfer & bbq dinner",
      "5-hour quad safari adventure and dinner bike",
      "5-hour safari with camel ride & dinner: al ahyaa/makadi/sahl",
      "5-hour safari with camel ride & dinner: al ahyaa/makadi/sahl bike",
      "5-hour safari with camel ride and dinner",
      "5-hour safari with camel ride and dinner bike",
      "5-hour safari with camel ride and dinner from hurghada",
      "5-hour safari with camel ride and dinner from hurghada bike",
      "5-hour safari with camel ride from hurghada bike",
      "5555 full-day orange bay group tour",
      "586 3-hour desert & sea horse riding with swimming",
      "586 mega offer: 2-hour horse ride journey without swim",
      "6 sgl quad",
      "618 with atv quad & blue hole tour & abu galum nature",
      "618 with blue hole & abu galum",
      "618 without blue hole & abu galum",
      "686868 family buggy desert safari from sharm el sheikh",
      "8 sgl quad",
      "8-hour safari with buggy camel bedouin village & dinner",
      "8-hour safari with buggy camel bedouin village & dinner buggy",
      "8-hour tour with pickup from cairo airport cai1",
      "8080 cairo private jet sightseeing tour",
      "8885 entry ticket to sharm el naga tour with snorkeling & lunch",
      "96969 hurghada: snorkeling dolphin watching",
      "9876 eden island with lunch on the island",
      "accommodate instead of going back",
      "accommodation transportation guides and entrance fees 17893",
      "afternoon",
      "al ahyaa/makadi bay/sahl hasheesh: 2-hour quad tour bike",
      "all inclusive",
      "all inclusive group tour",
      "all inclusive private trip with entrance fees 321",
      "all inclusive super safari",
      "all inclusive super safari tour",
      "all-inclusive",
      "all-inclusive private trip pyramids sphinx camel vip lunch",
      "all-inclusive private trip pyramids sphinx camel vip lunch 1515",
      "all-inclusive safari: buggy quad camel show & dinner",
      "all-inclusive safari: buggy quad camel show & dinner buggy",
      "all-inclusive super safari private tour",
      "all-inclusive super safari private tour bike",
      "all-inclusive tour: lunch great pyramid & boat",
      "aqua park ticket with transfer & all-inclusive food & drinks",
      "arrival at sharm el-sheikh international airport 2212000",
      "aswan - kom ombo - phaela temple lunch",
      "aswan to luxor cruise & sunrise balloon",
      "atv quad & blue holeabu galum 08:00",
      "atv quad adventure",
      "atv& blue hole tour& abu galum",
      "atv&blue hole tour& abu galum",
      "ausflug von hurghada nach kairo mit dem flugzeug tour type group",
      "ausflug-safaga-nach-luxor-mit-bus tour type group",
      "begginer boat cruise with 2 intro-dives snorkeling lunch",
      "best value tour entry fees & boat ride covered",
      "bike express morning desert safari with jeep quad & buggy",
      "blue bomba: eden island xtremeparasail & dive water sports 1212",
      "boat cruise snorkeling and lunch with private transfer",
      "boat cruise with 2 intro-dives snorkeling lunch premium begginer",
      "boat cruise with 2 snorkeling sites lunch deluxe snorkeling",
      "boat snorkeling lunch with private transfer",
      "boat trip with intro dive and snorkeling equipment",
      "boat trip with snorkeling equipment",
      "boat trip without snorkeling equipment",
      "boat trip without snorkeling equipment snor",
      "buy for 3 people get the fourth free",
      "cai2 cairo or giza: 10-hour private tour with hotel pickup",
      "cairo by bus hurghada",
      "cairo by bus hurghada with entry fees",
      "cairo by bus hurghada without entry fees",
      "cairo by plane: daily tour with entry fees",
      "cairo day tour",
      "cairo day tour with lunch",
      "cairo day tours to giza pyramids & and egmuseum / 6 hours",
      "cairo day trip pyramids & grand egyptian museum & egyptian museum & lunch",
      "cairo day trip with entry fees free hurghada city tour",
      "cairo grand egyptian museum from & khan el khalili bazaar 200134",
      "cairo or giza: 10-hour private tour with hotel pickup",
      "cairo or giza: 10-hour private tour with hotel pickup cai2",
      "cairo or giza: 8-hour private tour with hotel pickup",
      "cairo or giza: 8-hour private tour with hotel pickup 8-hour tour",
      "cairo pyramids day tour by plane hurghada",
      "cairo: egypt tour package: 15 days all-inclusive",
      "cairo: grand egyptian museum guided tour and lunch 85963",
      "cairo: grand egyptian museum qr ticket",
      "cairo: grand egyptian museum qr ticket 708090",
      "cairo: national museum of egypt skip-line qr ticket 2001618",
      "cairo: pharaoh dinner cruise on the with show",
      "cairo: private pyramids tour with photographer and transfer",
      "city & shopping tour with old market & new panorama cafe",
      "city & shopping tour with old market visit",
      "city & shopping tour with old market visit // limo",
      "city group tour without lunch",
      "city tour- small group experience - without lunch & shisha",
      "colored canyon & blue hole",
      "cruise aswan to luxor with meals",
      "dahab",
      "dbl quad",
      "desert & sea horse riding with swimming",
      "desert adventure safari with bbq dinner",
      "desert adventure safari with bbq dinner in 5 hours",
      "desert safari with double quad and stargazing",
      "dh-aftn-01 1-hour dolphin show afternoon at dolphina with transfers",
      "dinner cruise on crystal 1990",
      "dinner cruise on pharaoh",
      "dinner cruise on pharaoh 1990",
      "diving day trip by boat at ras mohamed in sharm el sheikh",
      "diving with dolphin snorkeling & lunch",
      "dolphin swimming hurghada excursion",
      "dolphin swimming hurghada excursion tour type group",
      "dolphin watching boat tour with diving",
      "dolphin watching boat tour with diving & lunch",
      "dolphin watching boat tour with snorkeling & lunch",
      "dolphin watching snorkeling & lunch - tax not include",
      "double buggy - 2 people in 1 buggy",
      "double buggy - 2 people in 1 buggy defaultd",
      "double dune buggy adventure to bedouin village bike",
      "double dune buggy desert safari from sharm el sheikh 686868",
      "double quad - 2 people in 1 quad",
      "double quad mega safari waves and dunes with lunch sunset",
      "dropoff: cairo airport",
      "dropoff: pyramids park",
      "dw-morn-01 1-hour dolphin show morning at dolphin world with transfer",
      "east and west",
      "eden island with lunch on the island 9876",
      "egyptian museumcitadel & old cairo tour without entry fees 1594",
      "el gouna lagoon and dolphin diving with lunch",
      "el gouna lagoon diving with dolphin snorkeling & lunch",
      "el gouna: desert & sea horse riding with swimming",
      "enter inside great pyramid boat",
      "enter the pyramids and ride a camel and lunch",
      "entry fee & inside the pyramid",
      "entry fees",
      "entry fees & boat ride",
      "entry fees & great pyramid",
      "entry fees & king tutankhamun tomb",
      "entry fees & king tutankhamun tomb - private tour",
      "entry fees & tutankhamun tomb",
      "entry fees & tutankhamun tomb 04:30",
      "entry fees and king tutankhamun tomb",
      "entry fees for the grand pyramids and boat",
      "entry fees with valley of the kings king tutankhamun tomb",
      "entry fees with valley of the kings king tutankhamun tomb tut",
      "entry ticket to grand aquarium & zoo tickets with transfers gaz-ht-001",
      "evening desert safari and stargazing",
      "evening dinner cruise in cairo with private transportation",
      "explore together tour with entry fees",
      "express morning desert safari with jeep quad & buggy",
      "express morning desert safari with jeep quad & buggy bike",
      "family buggy",
      "family buggy - 4 people in 1 buggy",
      "family buggy desert safari from sharm el sheikh",
      "family buggy desert safari from sharm el sheikh 686868",
      "family dune buggy adventure to bedouin village",
      "family dune buggy adventure to bedouin village buggy",
      "farsha cafe round-trip hotel transfers",
      "farsha cafe round-trip hotel transfers 202",
      "flight details",
      "flight from hurghada to cairo giza pyramids & grand egyptian museum & khan el khalili",
      "frais dentre et tombeau de toutankhamon",
      "from cairo: 8-day egypt tour with hotel meals & cruise",
      "from giza/cairo: pyramids sphinx and nmec tour with lunch",
      "from hurghada to giza pyramids and egyption museum tour type group",
      "from hurghada to giza pyramids and egyption museum tour type group without entry",
      "from hurghada: abydos osireion and dendera day tour",
      "from hurghada: private el gouna sightseeing half-day trip",
      "from hurghada: private el gouna sightseeing half-day trip 4567",
      "from marsa alam to pyramids",
      "from sharm el sheikh: guided day trip to luxor by plane",
      "from sharm el-sheikh: giza day trip with lunch and transfer 36963",
      "from sharm el-sheikh: ras mohammed & white island cruise ras muhammed",
      "from sharm elsheikh: the lost city day tour by ferry",
      "from sharm: ras muhammed & white island by boat & intro dive 17896",
      "from sharm: ras muhammed & white island by boat & intro dive 2212000",
      "from sharm: white island and ras mohamed snorkeling trip",
      "from the airport to hotels in sharm el-sheikh",
      "from-hurghada-to-the-pyramids-day-tour",
      "full-day giftun island trip",
      "full-day group tour to orange bay with",
      "full-day group tour with diving",
      "full-day group tour with diving 5555",
      "full-day group tour with entrance fees 5555",
      "full-day group tour with environmental fees 1122",
      "full-day group tour without entrance fees",
      "full-day group tour without entrance fees 5555",
      "full-day group tour without environment fees",
      "full-day group tour without environment fees 5555",
      "full-day group tour without environments fees",
      "full-day group tour without environments fees 5555",
      "full-day orange bay group tour",
      "full-day orange bay group tour 5555",
      "full-day trip to giftun island & orange island entrance fees gif",
      "full-day trip to giftun island & orange island with lunch gif",
      "full-day trip to giftun island with island entrance fees gif",
      "gaz-ht-001 entry ticket to grand aquarium & zoo tickets with transfers",
      "gif full-day trip to giftun island & orange island with lunch",
      "giza pyramids tour in english with entrance fees",
      "great pyramid",
      "great pyramid & boat",
      "group",
      "group city tour",
      "group tour entry fees",
      "group tour with entry fees",
      "group tour with entry fees one way transfer to luxor",
      "group tour with entry fees one way transfer to luxor o/n",
      "group tour with entry fees shared tour entrance",
      "group tour with entry fees with boat",
      "group tour without entry fees",
      "haice",
      "hiace",
      "hiace 1",
      "hiace 2",
      "hiace 2 with new panorama",
      "hiace 3",
      "hiace 4",
      "horseback riding from hurghada",
      "hrg quad jeep camel and buggy safari with bbq dinner",
      "hrg-eden hurghada: eden island xtreme parasail dive & water sports",
      "hrg-jeep-safari hurghada: jeep & camel safari with dinner & desert fire show",
      "hrg:private city tour with seafood at barbouni restaurant 5",
      "hurghada 2-day tour to luxor",
      "hurghada : diving & snorkeling cruise tour w lunch & drinks 08:00",
      "hurghada cairo pyramids day tour by plane - small group",
      "hurghada desert quad bike safari with dinner",
      "hurghada full-day trip to cairo by bus",
      "hurghada full-day trip to cairo by plane",
      "hurghada horse riding tour 3 hours",
      "hurghada morning or sunset sights guided tour with shopping",
      "hurghada pyramids excursion",
      "hurghada quad bike tour with stargazing telescope and dinner 4040",
      "hurghada quad tour afternoon",
      "hurghada scuba diving tour",
      "hurghada snorkelling & swimming with dolphin",
      "hurghada-pyramiden-ausflug tour type group",
      "hurghada: 2-hour camel ride with bedouin vibe",
      "hurghada: 3 hour camel riding with bedouin vibe",
      "hurghada: 3-hour camel ride with bedouin vibe",
      "hurghada: city tour with handicrafts museum entry tickets 258",
      "hurghada: dolphin & coral reef snorkeling tour with lunch",
      "hurghada: dolphin watching boat tour with snorkeling & lunch",
      "hurghada: eden island sirene boat snorkeling trip 1212",
      "hurghada: eden island xtreme parasail dive & water sports",
      "hurghada: glass boat and parasailing trip with snorkeling",
      "hurghada: jeep & camel safari with dinner & desert fire show",
      "hurghada: jungle aqua park with lunch & transfer",
      "hurghada: jungle aqua park with lunch & transfer 09:00",
      "hurghada: luxor valley of kings day trip include entry fees",
      "hurghada: luxor valley of kings day trip include entry fees tour type group",
      "hurghada: majestic vip cruise to orange bay & gourmet lunch vip",
      "hurghada: makadi water world ticket only",
      "hurghada: makadi water world with lunch & transfers",
      "hurghada: makadi water world with lunch & transfers 09:00",
      "hurghada: orange bay day trip with parasailing and lunch",
      "hurghada: orange bay day trip with parasailing and lunch 5555",
      "hurghada: orange bay day trip with water sports and lunch",
      "hurghada: orange bay day trip with water sports and lunch 5555",
      "hurghada: orange island snorkeling diving and water sports hrg-4in1",
      "hurghada: private airport arrival one way transfer",
      "hurghada: private sightseeing tour in el gouna with transfer",
      "hurghada: quad jeep camel and buggy safari with bbq dinner",
      "hurghada: royal sea scope submarine & snorkeling day tour",
      "hurghada: semi submarine & snorkeling day tour",
      "hurghada: semi submarine & snorkeling with transfer",
      "hurghada: semi submarine & snorkeling with transfer semi -sub",
      "hurghada: semi submarine & snorkeling with transfer semi-sub",
      "hurghada: sharm el naga tour with snorkeling & lunch 8885",
      "hurghada: snorkeling dolphin watching & banana boat fun 96969",
      "hurghada: snorkeling dolphin watching 96969",
      "hurghada: thrilling desert safari with quad buggy & bbq experience tour type group",
      "hurghada: unique bedouin craft handmade and star watching 9090",
      "include entry fees",
      "include entry fees tutankhamounvisit utankhamoun",
      "intro 1 x 1",
      "intro 1 x 2",
      "intro 2 x 1",
      "intro 2 x 2",
      "intro 3 x 1",
      "intro 3 x 2",
      "intro 4 x 2",
      "intro 5 x 1",
      "intro 6 x 1",
      "jaz aquaviva",
      "jungle aqua park with lunch without transfer",
      "karnak temple sound & light show qr ticket with transfer",
      "last-minute: group tour entry fees",
      "limo",
      "lowest price",
      "luxor adventure: all-inclusive group tour with entry fees",
      "luxor by bus",
      "luxor day tour with tutankhamun tomb entry fee",
      "luxor day tour without tutankhamun tomb entry fee",
      "luxor day trip",
      "luxor day trip with entry fees free hurghada city tour",
      "luxor museum guided tour",
      "luxor valley of kings day trip include entry fees",
      "luxor: private 10-hour tour with hotel or airport pickup",
      "luxor: private 10-hour tour with hotel or airport pickup lxr 4",
      "luxor: private 10-hour tour with pickup from hotel lxr 4",
      "luxor: private 6-hour tour with hotel pickup",
      "luxor: private 8-hour tour with hotel or airport pickup lxr 3",
      "luxor: private 8-hour tour with hotel pickup lxr 3",
      "lxr 4 luxor: private 10-hour tour with hotel or airport pickup",
      "lxr-private tour private tour vip service with entry fees",
      "makadi water world with lunch & private transfer",
      "makadi water world with lunch & transfers",
      "marsa alam : luxor valley of kings day trip include entry fees",
      "marsa alam: beginners scuba diving day-trip with lunch rmf",
      "marsa alam: desert stargazing tour with camel ride & dinner 2044",
      "marsa alam: snorkeling with sea turtles marsa mubarak rmf",
      "marsa alam:sataya reefs dolphin snorkeling cruise with lunch rmf",
      "massage spa",
      "mega offer: 2-hour horse ride journey",
      "mega offer: 2-hour horse ride journey with swim 123",
      "mega offer: 2-hour horse ride journey without swim",
      "mega offer: 2-hour horse ride journey without swim 586",
      "mega offer: 2-hour horse ride without 360 photos",
      "mega offer: 3-hour horse ride journey with swim 586",
      "mega offer:2-hour horse ride without 360 photos",
      "morning desert safari adventure buggy",
      "morning sunset quad desert adventure safari",
      "morning sunset quad desert adventure safari bike",
      "morning sunset quad or buggy desert adventure safari",
      "morning/ sunset quad or buggy desert adventure safari",
      "moses mountain & saint catherine from dahab",
      "museums only",
      "museums with citadel of saladin bazaar and old cairo 2xm cit",
      "n/a stargazing with jeep tour only",
      "neverland aqua park entry tickets without transfers",
      "neverland aqua park entry with transfer from hurghada",
      "new panorama sharm cafe & restaurant",
      "new panorama sharm cafe & restaurant fphn12",
      "no entry fees- mon/thurs offer",
      "no entry fees- mon/thurs offer 04:30",
      "no entry fees- sun/thurs offer",
      "no entry fees-mon/thurs offer",
      "oasis",
      "offer for one reduced ticket with lunch",
      "old cairo with citadel and lunch",
      "one way sleeper train to luxor",
      "one-way journey from sharm el sheikh to hurghada",
      "online qr ticket for egyptian museum",
      "option: 5555 full-day group tour with entrance fees",
      "option: bike all-inclusive super safari private tour",
      "option: buggy 8-hour safari with buggy camel bedouin village & dinner",
      "option: buy for 3 people get the fourth free",
      "option: desert safari with double quad and stargazing",
      "option: group tour without entry fees",
      "option: n/a stargazing with jeep tour",
      "option: offer for one reduced ticket with lunch",
      "option: quad and double buggy tour makadi sahl hasheesh safaga",
      "option: shared tour entrance group tour with entry fees",
      "option: small group tour: lunch entry fees & inside great pyramid",
      "option: small group with entry fees",
      "option: tut entry fees with valley of the kings king tutankhamun tomb",
      "orange bay day trip with parasailing",
      "orange bay day trip with parasailing 5555",
      "orange bay day trip with parasailing and lunch",
      "orange bay group tour",
      "orange bay group tour 5555",
      "orange bay island snorkeling",
      "orange bay island trip snorkeling & parasailing with lunch",
      "orange bay with a free glass boat cruise the next day",
      "package",
      "panoramic semi-submarine cruise with snorkeling",
      "pickup from hurghada",
      "premium begginer boat cruise with 2 intro-dives snorkeling lunch",
      "private",
      "private 1-hour boat ride and banana island visit",
      "private 10-hour tour with hotel or airport pickup lxr 4",
      "private 10-hour tour with pickup from hotel",
      "private 10-hour tour with pickup from hotel lxr 4",
      "private 2-day tour with entry fees tickets & balloon ride",
      "private 2-day tour with entry fees tickets & balloon ride o/n lxr 3",
      "private 6-hour customized tour with pickup at airport lxr 2",
      "private 6-hour tour with hotel pickup",
      "private 8-hour tour with hotel or airport pickup",
      "private 8-hour tour with hotel or airport pickup lxr 3",
      "private 8-hour tour with hotel pickup aracan eatabe luxor hotel",
      "private 8-hour tour with hotel pickup lxr 3",
      "private city & shopping tour with old market private",
      "private city tour with lunch & shisha pipe experience",
      "private city tour with lunch and shisha",
      "private city tour with personalized experience & shisha pipe",
      "private city tour with shisha and without lunch",
      "private guided",
      "private guided tour private tour",
      "private half-day sightseeing tour to el gouna from hurghada 4567",
      "private luxury beach and horse photoshoot experience photoshoot",
      "private tour",
      "private tour - with entry fees",
      "private tour - without entry fees",
      "private tour all-inclusive",
      "private tour vip service with entry fees",
      "private tour vip service with entry fees lxr-private tour",
      "private tour with entrance fees",
      "private tour with male guide",
      "private transfer",
      "private transfer with 5-hour safari and bbq dinner",
      "private transfer with 5-hour safari and bbq dinner buggy",
      "promo: 1 person free includes lunch & entry tickets",
      "pyramids & sphinx uncovered private half-day tour",
      "pyramids and the national museum 5555",
      "quad and double buggy tour",
      "quad and double buggy tour from hurghada",
      "quad and double buggy tour from hurghada or gouna",
      "quad and double buggy tour makadi sahl hasheesh safaga",
      "quad and double buggy tour sahl hasheesh safaga",
      "quad and double buggy tour with camel ride experience",
      "quad bike adventure at giza pyramids",
      "quad bike adventure at giza pyramids with camel ride",
      "quad buggy desert safari and barbecue",
      "quad double buggy tour from hurghada - private transfer",
      "quad jeep camel and buggy safari with bbq dinner hrg",
      "quad tour along the sea and mountains in hurghada",
      "quad tour along the sea and mountains in hurghada 08:00",
      "quad tour along the sea and mountains in hurghada 15:00",
      "quad-safari-hurghada",
      "ras mohamed half day tour & allahs gate",
      "ras mohammed snorkeling trip sharm el sheikh",
      "ras muhammed sharm el-sheikh: ras mohammed & white island cruise",
      "red sea desert horse ride with swimming - private transfer",
      "red sea desert horse ride with swimming - private transfer 586",
      "red sea: orange bay island and snorkeling cruise with lunch",
      "rmf marsa alam: snorkeling with sea turtles marsa mubarak",
      "rmf marsa alam:sataya reefs dolphin snorkeling cruise with lunch",
      "round tickets - sleeper train - to luxor",
      "royal seascope submarine with snorkeling from hurghada",
      "safari 51 quad stargazing",
      "safari to colored canyon and dahab tour type group",
      "scuba diving tour in hurghada",
      "seafood dinner",
      "seamless shared tour entry fees covered",
      "semi -sub hurghada: semi submarine & snorkeling with transfer",
      "shared day trip boat ride and entry included",
      "shared experience entry fees & lunch included",
      "shared group journey entry fees lunch & inside pyramid",
      "shared tour - pay as you explore",
      "shared tour - with entry fees",
      "shared tour - with entry fees 04:30",
      "shared tour - without entry fees",
      "shared tour - without entry fees in select languages",
      "shared tour with all entry fees and king tutankhamun tomb",
      "shared tour with entry fees",
      "shared tour with entry fees and king tutankhamuns tomb",
      "shared tour with entry fees lxr-inc-tickets",
      "shared tour with lunch - without entry fees no",
      "shared tour with lunch and entry fees",
      "shared tour with male guide",
      "shared tour without entrrance fees",
      "shared tour without entry fees",
      "shared transfer lunch and intro dive",
      "sharm el sheikh: mount sinai & st catherine monastery tour",
      "sharm el sheikh: private city tour with seafood dinner",
      "sharm el sheikh: snorkeling trip to tiran island with lunch",
      "sharm el-sheikh : ras mohamed half day tour & allahs gate",
      "sharm el-sheikh: cafe & restaurant included shisha & drink",
      "sharm el-sheikh: city & shopping tour with old market visit",
      "sharm el-sheikh: city & shopping tour with old market visit // hiace",
      "sharm el-sheikh: departure transfer from hotel to airport 2212000",
      "sharm el-sheikh: ghibli raceway day trip",
      "sharm el-sheikh: ras mohamed half day tour & allahs gate",
      "sharm el-sheikh: ras mohammed & white island cruise ras muhammed",
      "sharm elsheikh: camel riding stargazing bbq dinner & show",
      "single buggy - 1 person in 1 buggy",
      "single quad - 1 person in 1 quad",
      "single quad - 1 person in 1 quad 2212000",
      "single quad mega safari waves and dunes with lunch sunset",
      "sirius palace luxor",
      "small group cairo tour with lunch and entry fees included",
      "small group tour including lunch excluding entry fee",
      "small group tour with entry fees",
      "small group tour without entry fees",
      "small group tour without entry fees 123",
      "small group tour: lunch entry fees & inside great pyramid",
      "small group with entry fees",
      "small-group tour with boat cruise",
      "snor white island & ras mohamed without entrance fees",
      "snorkeling dolphin watching with a private transfer",
      "snorkeling dolphin watching with a private transfer 96969",
      "sound and light show regular price",
      "sound and light show regular price with transfer",
      "sound and light show vip price",
      "sound and light show vip price with transfer",
      "stargazing adventure with jeep tour",
      "stargazing by jeep & dance show with private transfer 2044",
      "stargazing desert adventure by jeep with dinner hurghada",
      "stargazing telescope and dinner 4040",
      "stargazing trip with a double quad",
      "stargazing trip with a single quad",
      "stargazing trip with double quad - 2 people in 1 quad",
      "stargazing trip with single quad - 1 person in 1 quad",
      "stargazing with atv quad ride & jeep",
      "stargazing with atv quad ride & jeep 2044",
      "stargazing with jeep tour",
      "stargazing with jeep tour n/a",
      "stargazing with jeep tour only",
      "stargazing with jeep tour only n/a",
      "stargazing with jeep tour with privite transfer",
      "stargazing with jeep with private transfer",
      "stargazing with quad ride",
      "stargazing with quad ride & dance show with private transfer",
      "stargazing with quad ride & dance show with private transfer 2044",
      "stargazing with quad ride 2044",
      "stargazing with quad ride and dance show 2044",
      "stargazing-camel ride-bbq-marsa alam",
      "stay for 3 hours at 6 october / dropoff pyramids park",
      "sunrise atv quad adventure",
      "sunset atv quad adventure with dinner",
      "sunset atv quad adventure without dinner",
      "sunset desert quad bike adventure with camel ride experience 1009a",
      "sunset double quad mega safari waves and dunes with lunch",
      "sunset quad bike & camel ride 4040",
      "super safari all inclusive",
      "swimming with dolphins in safaga tour type group",
      "ticket with tour and transfer",
      "top deal: inside great pyramids scenic boat ride",
      "top value experience entry fees covered",
      "top value experience entry fees covered lxr-inc-tickets",
      "tour : 3-hour quad tour safaga",
      "tour : hurghada-safari-quad biking-camel riding tour type group",
      "tour : hurghada: luxor valley of kings day trip include entry fees",
      "tour : hurghada: thrilling desert safari with quad buggy & bbq experience",
      "tour : marsa alam sataya reefs dolphin snorkel cruise with lunch tour type group",
      "tour hurghada with dune buggy",
      "tour hurghada with dune buggy: this option includes quad bike ride in the desert dune buggy ride in the desert an encounter and with an arabian camel",
      "tour in a double quad - from sahl hasheesh & safaga 122",
      "tour in a double quad - pickup from hurghada 122",
      "tour in a double quad - pickup from hurghada and el gouna 122",
      "tour type group",
      "tour with boat cruise",
      "tour with camel riding stargazing bbq dinner & show",
      "tour with entry fees",
      "tour with entry fees 04:30",
      "tour with entry fees in select languages",
      "tour with entry fees lunch & inside great pyramid",
      "tour with male guide",
      "tour with single quad bike",
      "transfer only : tour to pyramidsmemphis &saqqara from hotel",
      "transfer to aswan by car",
      "transfer to cairo airport flight cairo-hurghada ms46 am",
      "trip include entry fees",
      "trip with entry fees",
      "trip with entry fees and boat tour",
      "trip with entry fees great pyramid and boat ride",
      "trip- no entry fees no",
      "triple buggy - 3 person in 1 buggy",
      "trips in hurghada sightseeing private city tour",
      "turkish bath spa",
      "ultimate atv quad stargazing & bbq dinner",
      "ultimate tour lunch great pyramid & boat included",
      "unforgettable day at orange bay",
      "unique bedouin craft handmade and star watching 9090",
      "vip hurghada: magician plus vip cruise to orange bay & seafood",
      "visit luxor temple & the valley of the king & hatsehpsut &lunch",
      "visit the pyramids and the sphinx and dinner cruise",
      "von-hurghada-zu-den-pyramiden-tagestour tour type group",
      "walk with the pharaohs: entry fees & tutankhamun tomb access",
      "white hills",
      "white island & ras mohamed without entrance fees",
      "white island & ras mohamed without entrance fees snor",
      "white island and ras mohamed with entrance fees",
      "with atv quad & blue hole tour & abu galum nature",
      "with atv quad & blue hole tour & abu galum nature 618",
      "with atv quad & blue hole tour & abu galum nature 618x",
      "with atv quad & entrance fees",
      "with atv quad & entrance fees 1 x fts scarve",
      "with atv quad & entrance fees 2 x fts scarve",
      "with atv quad & entrances",
      "with atv quad & entrances fees",
      "with atv quad &entrance fees",
      "with atv quad/without blue hole tour & abu galum 618",
      "with atv quad/without blue hole tour & abu galum nature 618",
      "with blue hole & abu galum",
      "with blue hole & abu galum 2212000",
      "with blue hole & abu galum 618",
      "with entrance fees",
      "with entrance fees 08:00",
      "with entrance fees 2 x fts scarve",
      "with entrance fees of blue hole tour & abu galum",
      "with entrance fees of blue hole tour & abu galum 618",
      "with entry fees",
      "with entry fees & entry great pyramid",
      "with entry fees - private tour",
      "with entry fees - rmf",
      "with entry fees and tutankhamun tomb",
      "with entry fees one egyptian stu",
      "with entry fees pick up ftom sahl hashish",
      "with equipment",
      "without blue hole & abu galum",
      "without blue hole & abu galum 618",
      "without entrance fees",
      "without entrance fees 04:30",
      "without entrance fees 2 x fts scarve",
      "without entrance fees of blue hole tour & abu galum",
      "without entrance fees of blue hole tour & abu galum 618",
      "without entry fees",
      "without equipment",
      "without snorkeling",
      "yacht trip with island visit and lunch"
    ],
    "timestamp": "2025-07-03T05:59:19.020059"
  }
}